college,colors
Abilene Christian Wildcats,#4E2683
Academy of Art Urban Knights,#CC0000
Adams State Grizzlies,#124734
Adamson Falconsaka Adamson Soaring Falcons,#1D3E79
Adelphi Panthers,#4F2C1D
Adrian Bulldogs,#000000
Agnes Scott Scotties,#5F249F
Air Force Falcons,#00458C
Akron Zipsaka Akron Zippers,#041E42
Alabama A&M Bulldogsaka Alabama A&M Lady Bulldogs,#660000
Alabama,#9E1B32
Alabama State Hornets,#000000
Alabama–Huntsville Chargersaka UAH Chargers,#003DA5
Alaska Anchorage Seawolvesaka Alaska-Anchorage Seawolvesaka Alaska–Anchorage Seawolves,#00583D
Alaska Nanooksaka Alaska-Fairbanks Nanooks,#1E59AE
Albany Great Danesaka Albany Pedagogues,#46166B
Albany State Golden Rams,#0039A6
Alberta Golden Bearsaka Alberta Pandas,#284E36
Albertus Magnus Falcons,#003DA5
Albion Britons,#512D6D
Albright Lions,#BA0C2F
Alcorn State Bravesaka Alcorn State Lady Braves,#46166A
Alderson Broaddus Battlers,#003865
Alfred Saxons,#550D8A
Alice Lloyd Eagles,#003865
Allegheny Gators,#0C2340
Allen Yellow Jackets,#FFD100
Alma Scots,#862633
Alvernia Golden Wolvesaka Alvernia Crusaders,#9B2743
Alverno Inferno,#010101
America East Conference,#1D2247
American Athletic Conferenceaka The American,#041E41
American University,#005099
American International Yellow Jacketsaka AIC Yellow Jackets,#000000
American Midwest Conference,#003893
American University of Beirutaka AUB,#EE3524
Amherst Mammothsaka Amherst Lord Jeffs,#3F1F69
Anderson Ravens,#FE5000
Anderson Trojans,#010101
Angelo State Rams,#245397
Anna Maria Amcats,#8A1538
Antelope Valley Pioneers,#001A72
Appalachian State Mountaineers,#222222
Apprentice Buildersaka Apprentice School Builders,#7D2248
Aquinas Saints,#76232F
Arcadia Knights,#9D2235
Arizona Christian Firestormaka Arizona Christian Eagles,#DA291C
Arizona State,#8C1D40
Arizona,#C10230
Arkansas,#A41F35
Arkansas State Red Wolvesaka Arkansas State Indians,#CC092F
Arkansas Tech Wonder Boysaka Arkansas Tech Golden Suns,#00533E
Arkansas-Pine Bluff Golden Lionsaka Arkansas-Pine Bluff Lady Lionsaka Arkansas–Pine Bluff Golden Lionsaka Arkansas–Pine Bluff Lady Lions,#000000
Arkansas–Fort Smith Lionsaka Arkansas-Fort Smith Lions,#002D56
Arkansas–Monticello Boll Weevilsaka Arkansas-Monticello Cotton Blossomsaka Arkansas–Monticello Cotton Blossomsaka Arkansas-Monticello Boll Weevils,#00965E
Armstrong State Piratesaka Armstrong State Lady Pirates,#6B212A
Army Black Knightsaka Army Cadets,#2C2A29
Asbury Eagles,#3C1053
Ashland Eagles,#5C068C
Assumption Greyhounds,#005B99
Ateneo Blue Eagles,#003BAF
Atlantic Coast Conference,#013CA6
Atlantic Hockey Associationaka Atlantic Hockey,#12527e
Atlantic Sun Conferenceaka ASUN Conference,#424449
Auburn,#03244d
Auburn–Montgomery Warhawksaka Auburn-Montgomery Warhawks,#000000
Augsburg Auggies,#75263b
Augusta Jaguars,#002F55
Augustana College Vikings,#002F6C
Augustana University Vikingsaka Augustana Vikings,#002D62
Aurora Spartans,#003591
Austin Kangaroos,#9D2235
Austin Peay Governorsaka Austin Peay Lady Govsaka Austin Peay State Lady Govsaka Austin Peay State Governors,#BA0C2F
Ave Maria Gyrenes,#0a2240
Averett Cougars,#0C2340
Avila Eagles,#48176D
Azusa Pacific Cougars,#990000
BYU–Hawaii Seasiders,#9E1B34
Babson Beavers,#006644
Bacone Warriors,#C8102E
Baker Wildcats,#1E2D50
Baldwin Wallace Yellow Jackets,#4E3629
Ball State Cardinals,#BA0C2F
Baltimore Super Bees,#007DB6
Bard Raptorsaka Bard Blazers,#010101
Barry Buccaneers,#9D1C1F
Barton Cougars,#133C87
Baruch Bearcatsaka Baruch Statesmen,#00263E
Bates Bobcats,#B30838
Bay Path Wildcats,#76232F
Baylor Bearsaka Baylor Lady Bears,#154734
Becker Hawks,#003087
Belhaven Blazers,#1D3C34
Bellarmine Knights,#660000
Bellevue Bruins,#523178
Belmont Abbey Crusadersaka Belmont Abbey Lady Crusaders,#BA0C2F
Belmont Bruins,#00205B
Beloit Buccaneers,#CC8A00
Bemidji State Beavers,#004D44
Benedict Tigers,#4C145E
Benedictine Eagles,#ba0c2f
Benedictine Mesa Redhawksaka Benedictine Redhawks,#BA0C2F
Benedictine Ravens,#010101
Bentley Falcons,#000000
Berea Mountaineers,#004B87
Berkley Knightsaka Berkley New York Knights,#1D4289
Berry Vikingsaka Berry Lady Vikings,#00205B
Bethany Bison,#115740
Bethany Lutheran Vikingsaka Bethany Vikings,#A6192E
Bethany Swedes,#0033A0
Bethel Pilots,#003DA5
Bethel Royals,#002f5f
Bethel Threshers,#9D2235
Bethel Wildcatsaka Bethel Lady Wildcats,#5F249F
Bethune–Cookman Wildcatsaka Bethune-Cookman Wildcats,#6F263D
Big 12 Conferenceaka Big 12,#EF483E
Big East Conference,#C8102E
Big Sky Conference,#005DAA
Big South Conference,#0079C7
Big Ten Conference,#0088CE
Big West Conference,#2B265B
Binghamton Bearcatsaka Binghamton Colonials,#005A43
Biola Eagles,#E51636
Birmingham–Southern Panthersaka Birmingham-Southern,#000000
Black Hills State Yellow Jackets,#006233
Blackburn Battlin' Beaversaka Blackburn Battlin Beavers,#E4002B
Bloomfield Bearsaka Bloomfield Lady Deaconsaka Bloomfield Deacons,#A4343A
Bloomsburg Huskies,#6E121E
Blue Mountain Toppers,#0C2340
Bluefield Ramblin' Ramsaka Bluefield Ramblin Rams,#00205B
Bluefield State Big Blues,#13294B
Bluffton Beavers,#512D6D
Bob Jones Bruins,#0C2340
Boise State Broncos,#0033A0
Boston College,#8C2232
Boston University Terriers,#CC0000
Bowdoin Polar Bears,#000000
Bowie State Bulldogs,#FFCE00
Bowl Season,#BA0C2F
Bowling Green Falcons,#4F2C1D
Bradley,#A50000
Brandeis Judges,#002855
Brenau Golden Tigers,#010101
Brescia Bearcats,#004C97
Brevard Tornadoesaka Brevard Lady Tornadoes,#003A70
Brewton–Parker Baronsaka Brewton–Parker Lady Wildcatsaka Brewton-Parker Wildcatsaka Brewton-Parker Lady Baronsaka Brewton-Parker Lady Wildcatsaka Brewton-Parker Baronsaka Brewton–Parker Lady Baronsaka Brewton–Parker Wildcats,#FE5000
Briar Cliff Chargers,#00205B
Bridgeport Purple Knights,#440099
Bridgewater Eagles,#9D2235
Bridgewater State Bears,#A6192E
BYU,#002E5D
Brooklyn Bulldogsaka Brooklyn Kingsmenaka Brooklyn Kingswomenaka Brooklyn Bridges,#862041
Brown Bears,#4E3629
Bryant Bulldogsaka Bryant Indians,#231F20
Bryant Lions,#9D2235
Bryn Athyn Lions,#ba0c2f
Bryn Mawr Owlsaka Bryn Mawr Mawrters,#FEDB00
Bucknell Bison,#003865
Buena Vista Beavers,#0C2340
Buffalo Bullsaka Buffalo Bisonsaka Buffalo Royals,#005BBB
Buffalo State,#CC6600
Bushnell Beaconsaka Bushnell Crusaders,#041E42
Butler,#13294B
CSU–Pueblo ThunderWolves,#00396A
Cabrini Cavaliersaka Cabrini Lady Cavaliers,#00205B
Cairn Highlandersaka Cairn Crimson Eagles,#6F263D
Cal Maritime Keelhaulers,#002855
Cal Poly Mustangs,#003831
Cal Poly Pomona Broncos,#1E4D2B
Cal State Bakersfield Roadrunners,#003594
Cal State Dominguez Hills Toros,#860038
Cal State East Bay Pioneers,#C70C2B
Cal State Fullerton,#00274C
Cal State Los Angeles Golden Eagles,#000000
Cal State Monterey Bay Otters,#002A4E
Cal State Northridge Matadorsaka CSUN Matadors,#CE1126
Cal State San Bernardino Coyotes,#0065BD
Cal State San Marcos Cougars,#007AC3
Cal Tech Beavers,#FF6720
Caldwell Cougars,#C8102E
Calgary Dinos,#E30C00
California Baptist Lancers,#002554
California,#041E42
California Lutheran Kingsmenaka Cal Lutheran Regalsaka Cal Lutheran Kingsmenaka California Lutheran Regals,#2E1A47
California Vulcans,#DA291C
Calumet Crimson Wave,#76232F
Calvin Knightsaka Calvin Lady Knights,#93282C
Cameron Aggies,#000000
Campbell Fighting Camelsaka Campbell Lady Camels,#1E252B
Campbellsville Tigersaka Campbellsville Lady Tigers,#862633
Canisius Golden Griffins,#0E2756
Capital Crusaders,#330072
Cardinal Stritch Wolvesaka Cardinal Stritch Red Devilsaka Cardinal Stritch Crusaders,#6C1D45
Carleton Knights,#0B5091
Carleton Ravens,#00000D
Carlisle Indians,#AE0F0B
Carlow Celtics,#3C1053
Carnegie Tech Tartansaka Carnegie Mellon Tartans,#990000
Carroll Fighting Saintsaka Carroll Lady Saints,#330072
Carroll Pioneers,#E35205
Carson–Newman Eaglesaka Carson-Newman Eaglesaka Carson–Newman Lady Eaglesaka Carson-Newman Lady Eagles,#FF6720
Carthage Big Redaka Carthage Lady Reds,#C8102E
Case Western Reserve Spartans,#0A304E
Castleton Spartans,#00563B
Catawba Indians,#049900
Catholic University Cardinals,#990000
Cazenovia Wildcats,#00205B
Cedar Crest Falconsaka Cedar Crest Classics,#FFC72C
Cedarville Yellow Jackets,#00263E
Centenary Cyclones,#051C2C
Centenary Gentlemenaka Centenary Gentsaka Centenary Ladies,#8A2432
Central Arkansas Bearsaka Central Arkansas Sugar Bears,#4F2D7F
Central Baptist Mustangs,#003DA5
Central Christian Tigers,#003087
Central Collegiate Hockey Associationaka CCHA,#143159
Central Connecticut Blue Devils,#1A4784
Central Dutchaka Central Flying Dutchmenaka Central Flying Dutch,#E4002B
Central Florida Knights of Pegasusaka Central Florida Lady Knights,#B3A369
Central Methodist Eaglesaka Central Methodist Lady Eagles,#006341
Central Michigan University,#6A0032
Central Missouri Mulesaka Central Missouri Jennies,#CF202E
Central Oklahoma Bronchos,#003366
Central State Marauders,#71273D
Central Washington Wildcats,#AB0032
Centre Colonelsaka Centre Praying Colonels,#000000
Chadron State Eagles,#660033
Chaminade Silverswords,#004990
Chapman Panthers,#862633
Charleston Golden Eagles,#992244
Charleston Southern Buccaneers,#002855
Charlotte 49ers,#005035
Chatham Cougars,#735990
Chattanooga Mocsaka Chattanooga Lady Mocs,#00386B
Chestnut Hill Griffins,#E4002B
Cheyney Wolves,#0D3E70
Chicago Maroons,#800000
Chicago State Cougars,#006666
Chico State Wildcats,#952945
Chowan Hawksaka Chowan Bravesaka Chowan Lady Braves,#003087
Christian Brothers Buccaneers,#CC092F
Christopher Newport Captains,#0039A6
Cincinnati,#E00122
Citadel Bulldogsaka The Citadel Bulldogs,#1F3A60
City College of New York Beaversaka New York College Beaversaka CCNY Beavers,#7d55c7
Claflin Panthers,#000000
Claremont McKenna Stags,#862633
Clarion Golden Eagles,#003366
Clark Atlanta Panthers,#CE1126
Clark Cougars,#cc0000
Clarke Prideaka Clarke Crusaders,#0C2340
Clarks Summit Defendersaka Clarks Summit Lady Defendersaka Coastal Georgia Lady Mariners,#003DA5
Clarkson Golden Knights,#03522B
Clayton State Lakers,#092C74
Cleary Cougars,#9D2235
Clemson,#F56600
Cleveland State Vikings,#006A4D
Clinton Golden Bears,#010101
Coastal Carolina Chanticleers,#006F71
Coastal Georgia Mariners,#0077C8
Coe Kohawks,#93282C
Coker Cobras,#002855
Colby Mules,#002878
Colby–Sawyer Chargersaka Colby-Sawyer Chargers,#0085CA
Colgate Raidersaka Colgate Red Raiders,#821019
College Football Playoff,#000000
College of Charleston Cougarsaka Charleston Cougars,#76232F
Colonial Athletic Associationaka CAA,#002469
Colorado A&M Aggies,#006A4D
Colorado,#000000
Colorado Christian Cougars,#00416B
Colorado College Tigers,#000000
Colorado Mesa Mavericks,#5D0022
Colorado Mines Orediggers,#21314D
Colorado State,#006A4D
Colorado–Colorado Springs Mountain Lionsaka UCCS Mountain Lions,#000000
Columbia Cougars,#002855
Columbia Fighting Koalas,#582C83
Columbia University,#99CAEA
Columbus State Cougars,#003359
Concord Mountain Lionsaka Concord Lady Lions,#862633
Concordia Bulldogs,#002855
Concordia Cardinals,#C8102E
Concordia Cavaliers,#003E7E
Concordia Clippersaka Concordia Lady Clippers,#001489
Concordia Cobbersaka Concordia Moorhead Cobbersaka Concordia (Moorhead) Cobbers,#7D0042
Concordia Cougars,#9D2235
Concordia Eagles,#215732
Concordia Falconsaka Concordia Wisconsin Falcons,#005596
Concordia Golden Bears,#002F65
Concordia Tornadosaka Concordia Stags,#582C83
Conference USAaka C-USA,#003865
Connecticut College Camels,#002F5F
UConn,#000E2F
Converse Valkyriesaka Converse All–Stars,#3C1053
Coppin State Eagles,#003056
Corban Warriors,#041E42
Cornell Big Red,#B31B1B
Cornell Rams,#523178
Cornerstone Golden Eaglesaka Cornerstone Comets,#13294B
Cortland Red Dragonsaka Cortland State Red Dragons,#B91000
Cottey Comets,#3A5DAE
Cotton Bowl Classic,#263764
Covenant Fighting Scotsaka Covenant Lady Scots,#003DA5
Creighton,#00235D
Crowley's Ridge Pioneers,#115740
Crown Stormaka Crown Royal Crusaders,#3C1053
Culinary Institute of America Steels,#22693a
Culver–Stockton Wildcatsaka Culver-Stockton Wildcats,#003594
Cumberland Phoenixaka Cumberland Bulldogs,#98002E
Cumberlands Patriotsaka Cumberlands Indiansaka Cumberlands Lady Indiansaka Cumberlands Redhounds,#BA0C2F
Curry Colonels,#462c8d
D'Youville Saintsaka D'Youville Spartans,#B02424
Daemen Wildcatsaka Daemen Warriorsaka Daemen Demonsaka Daemen Golden Warriors aka Rosary Hill Angels,#0000FF
Dakota State Trojansaka Dakota State Lady T's,#003B5C
Dakota Wesleyan Tigers,#004C97
Dallas Baptist Patriots,#0B1F2C
Dallas Crusaders,#003A70
Dalton State Roadrunners,#00263A
Dartmouth College,#00693E
Davenport Panthers,#D5160C
Davidson,#000000
Davis & Elkins Senatorsaka Davis and Elkins Senators,#C8102E
Davis Falconsaka Davis Lacy Swordsmenaka Davis Swordsmen,#5F249F
Dayton,#002F87
De La Salle Green Archers,#00703C
DePaul,#054696
DePauw Tigers,#111C24
DeSales Bulldogsaka DeSales Centaurs,#BA0C2F
Dean Bulldogsaka Dean Red Demons,#862633
Defiance Yellow Jacketsaka Defiance Lady Jackets,#512D6D
Delaware Fightin' Blue Hens,#00539F
Delaware State Hornets,#EE3124
Delaware Valley Aggies,#215732
Delta State Statesmenaka Delta State Lady Statesmen,#00753E
Denison Big Red,#A6192E
Denver,#8B2332
Detroit Mercy Titansaka Detroit Titans,#A6093D
Dickenson Red Devils,#DA291C
Dickenson State Blue Hawksaka Dickenson State Blue Chicks,#002D72
Dillard Bleu Devilsaka Dillard Lady Bleu Devilsaka Dillard Lady Blue Devilsaka Dillard Blue Devils,#003594
District of Columbia Firebirdsaka DC Lady Firebirdsaka DC Greenwaveaka District of Columbia Lady Firebirds,#76232F
Dixie State Trailblazers,#BA1C21
Doane Tigers,#FF7900
Dominican Chargers,#010101
Dominican Penguinsaka Dominican Hounds,#000000
Dominican Starsaka Dominican Rebels,#002855
Dort Defenders,#010101
Drake Bulldogs,#003B73
Drew Rangers,#0C2340
Drexel Dragons,#07294D
Drury Panthers,#E31837
Dubuque Spartans,#002D72
Duke,#013088
Duquesne,#041E42
ECAC Hockey,#005189
Earlham Quakers,#861F41
East Carolina Pirates,#582C83
East Central Tigers,#000000
East Stroudsburg Warriors,#DB0436
East Tennessee State Buccaneersaka East Tennessee State Lady Buccaneers,#041E42
East Texas Baptist Tigers,#081f2c
Eastern Arizona Gila Monsters,#340265
Eastern Illinois University,#003399
Eastern Kentucky Colonels,#4C151E
Eastern Michigan Eaglesaka Eastern Michigan Hurons,#046A38
Eastern New Mexico Greyhounds,#006633
Eastern Washington Eagles,#A10022
Edinboro Fighting Scots,#BB131A
Elmira Soaring Eagles,#3f1e6b
Elon Phoenix,#73000A
Embry–Riddle Eaglesaka Embry-Riddle Eagles,#00549A
Emory & Henry Waspsaka Emory and Henry Wasps,#1B3D75
Emory Eagles,#002878
Emporia State Hornetsaka Emporia State Lady Hornets,#231F20
Endicott Gulls,#00325b
Erskine Flying Fleet,#9C1C1F
University of Evansville,#4C2683
FEU Tamarawsaka FEU-D Baby Tamaraws,#006400
FIU Panthersaka Florida International Golden Panthersaka Florida International Panthersaka FIU Golden Panthers,#081E3F
Fairfield Stags,#E0143E
Fairleigh Dickinson Knights,#B30838
Fayetteville State Broncosaka Fayetteville State Lady Broncos,#0067B1
Ferris State Bulldogs,#BA0C2F
Fiesta Bowl,#D91A32
Findlay Oilers,#000000
Finlandia Lions,#0060a9
Fitchburg State Falcons,#00563F
Flagler Saints,#A52238
Florida A&M Rattlersaka Florida A&M Lady Rattlers,#008344
Florida Atlantic Owlsaka FAU Owls,#003366
Florida,#003087
Florida Gulf Coast Eagles,#004785
Florida Southern Moccasins,#0060A9
Florida State,#782F40
Florida Tech Panthers,#770000
Fordham Rams,#700429
Fort Hays State Tigers,#000000
Fort Lewis Skyhawks,#000066
Fort Valley State Wildcats,#003087
Fort Wayne Mastodonsaka IPFW Mastodons,#003F87
Framingham State Rams,#EBAB00
Francis Marion Patriots,#193A80
Franklin Pierce Ravens,#A91938
Fresno Pacific Sunbirds,#001F55
Fresno State,#CC0033
Friends Falcons,#AB0635
Furman University,#582C83
Gallaudet Bison,#002A5C
Gannon Golden Knights,#960A2C
Gardner-Webb University,#A6192E
George Fox Bruins,#081E3F
George Mason Patriots,#006633
George Washington Colonials,#00264A
Georgetown,#041E42
Georgetown Tigers,#000000
Georgia Bulldogsaka Georgia Lady Bulldogsaka Georgia Gymdogs,#BA0C2F
Georgia College Bobcats,#003399
Georgia Southern Eagles,#011E41
Georgia Southwestern State Hurricanes,#1C3F7B
Georgia State Panthers,#0039A6
Georgia Tech,#B3A369
Gonzaga,#041E42
Gordon Fighting Scots,#003882
Graceland Yellowjackets,#00275C
Grambling State Tigers,#000000
Grand Canyon Antelopes,#522398
Grand Valley State Lakers,#0033A0
Grantham Talons,#003366
Great American Conference,#002B5C
Great Lakes Intercollegiate Athletic Conference,#1D3D66
Great Midwest Athletic Conference,#005288
Great Plains Athletic Conference,#670000
Green Bay Phoenixaka UW-Green Bay Phoenix,#006A4D
Guilford College,#000000
Gustavus Adolphus Gustiesaka Gustavus Adolphus Golden Gusties,#000000
Hamilton Continentals,#002f86
Hamline Pipers,#95021e
Hampden–Sydney Tigersaka Hampden-Sydney Tigers,#9D183D
Hampton Pirates,#265198
Harding Bisons,#000000
Hardin–Simmons Cowboysaka Hardin-Simmons Cowgirlsaka Hardin-Simmons Cowboys,#581483
University of Hartford,#C02427
Hartwick Hawks,#0033A1
Harvard Crimson,#A31F36
Haverford Fords,#9D2235
Hawaii Pacific Sharks,#007298
Hawaii Rainbow Warriorsaka Hawaii Warriorsaka Hawaii Rainbowsaka Hawaii Rainbow Wahine,#024731
Hawaii–Hilo Vulcansaka Hawaii-Hilo Vulcans,#D81E05
Heart of America Athletic Conference,#002D72
Henderson State Reddiesaka Henderson-Brown Reddies,#A91D36
High Point Panthers,#330072
Hilbert Hawks,#0071CE
Hillsdale Chargers,#004678
Hobart Statesmen,#472663
Hockey East Associationaka Hockey East,#003882
Hofstra Pride,#003591
Holy Cross Crusaders,#602D89
Holy Names Hawks,#C70021
Houston Baptist Huskies,#00529C
Houston,#C92A39
Howard Bison,#003A63
Humboldt State Lumberjacks,#046A38
Hutchinson Blue Dragons,#D9293E
IUP Crimson Hawks,#9E1B32
IUPUI Jaguars,#990000
Idaho State Bengals,#F47920
Idaho Vandals,#F1B300
Illinois College Blueboysaka Illinois College Lady Blues,#004A77
Illinois,#13294B
Illinois State,#CE142B
Incarnate Word Cardinals,#CB333B
Independence Bowl,#211747
Indiana,#990000
Indiana State Sycamores,#0C4C91
Indiana Tech Warriors,#FA4616
Indianapolis Greyhounds,#9D2136
Iona College,#661E2B
Iowa,#000000
Iowa State,#822433
Ithaca Bombers,#003B71
Ivy League,#01563F
Jackson State Tigers,#002147
Jacksonville Dolphins,#004E42
Jacksonville State Gamecocks,#CC0000
James Madison Dukes,#450084
John Carroll Blue Streaks,#28334A
Johns Hopkins Blue Jays,#68ACE5
Johnson & Wales Wildcatsaka Johnson and Wales Wildcats,#004680
Johnson C. Smith Golden Bulls,#002D56
Kansas City Roosaka UMKC Kangaroos,#004B87
Kansas,#0051BA
Kansas State,#512888
Kansas Wesleyan Coyotes,#582C83
Kean Cougars,#003057
Keene State Owls,#C60C30
Kennesaw State Owls,#0B1315
Kent State Golden Flashes,#002664
Kentucky State Thorobredsaka Kentucky State Thorobrettes,#046A38
Kentucky,#0033A0
King's Monarchs,#CC0033
Kutztown Golden Bears,#782F40
Long Island University,#231F20
LIU Post Pioneers,#0E553f
LIU Sharksaka Long Island Sharks,#69B3E7
LSU,#461D7C
La Salle,#003057
x,#910029
Lake Erie Storm,#113D2A
Lake Forest Foresters,#c8102e
Lake Superior State Lakers,#003F87
Lamar Cardinalsaka Lamar Lady Cardinals,#E31937
Lander Bearcats,#235782
Lane Dragons,#000080
Langston Lions,#1B3668
Lawrence Vikings,#003D6A
Le Moyne Dolphins,#00452A
LeMoyne–Owen Magiciansaka LeMoyne-Owen Magicians,#421383
Lebanon Valley Flying Dutchmen,#00305C
Lee Flames,#0D233F
Lehigh Mountain Hawks,#653819
Lewis Flyers,#ED174D
Liberty Flamesaka Liberty Baptist Flamesaka Liberty Lady Flamesaka Lynchburg Baptist Flames,#0A254E
Limestone Saints,#0033A1
Lincoln Blue Tigers,#211C41
Lincoln Memorial Railsplitters,#002461
Lindenwood Lionsaka Lindenwood Lady Lions,#000000
Lipscomb Bisonsaka Lipscomb Lady Bisons,#331E54
Little Rock Trojansaka Arkansas-Little Rock Trojansaka UALR Trojansaka Arkansas–Little Rock Trojans,#6E2639
Lock Haven Bald Eagles,#7A0026
Lone Star Conference,#002169
Long Beach State Beachaka Long Beach State Dirtbagsaka Long Beach State Athleticsaka Long Beach State 49ers,#000000
Longwood Lancers,#041E42
Louisiana Tech,#003087
Louisiana Tech Lady Techsters,#69B3E7
Louisiana,#CE181E
Louisiana-Monroe,#840029
Louisville,#C9001F
Lourdes Gray Wolves,#B94700
Loyola Greyhounds,#00694E
Loyola Marymount Lions,#AB0C2F
Loyola Ramblers,#582931
Loyola Wolf Packaka Loyola Wolfpack,#660000
Lubbock Christian Chaparralsaka Lubbock Christian Lady Chaps,#10147E
MIT Engineers,#A31F34
MSOE Raidersaka Milwaukee School of Engineering Raiders,#ba122b
Macalester Scots,#01426A
Maine Black Bears,#003263
Malone Pioneers,#003E7E
Manhattan Jaspersaka Manhattan Lady Jaspers,#00703C
Manhattanville Valiants,#A60438
Manitoba Bisons,#562E18
Mansfield Mountaineers,#D3103E
Marian Knights,#031E51
Marian Sabresaka Marian Sabers,#003da5
Marist College,#C8102E
Marquette,#003366
Marshall Thundering Herd,#00B140
Martin Methodist RedHawks,#A6192E
Mary Marauders,#00539B
Maryland Eastern Shore Hawksaka UMES Hawks,#822433
Maryland,#E21833
Maryville Saints,#C8102E
Massachusetts College of Liberal Arts Trailblazersaka MCLA Trailblazers,#25408f
Massachusetts Maritime Academy Buccaneersaka Massachusetts Maritime Buccaneers,#002066
McDaniel Green Terror,#00674D
McGill Redbirdsaka McGill Redmenaka McGill Martlets,#CD202C
McKendree Bearcats,#470A68
McNeese State Cowboysaka McNeese State Cowgirls,#00529B
McPherson Bulldogs,#CC0000
Memphis,#003087
Mercer Bearsaka Mercer Baptists,#000000
Mercyhurst Lakers,#006633
Merrimack Warriors,#003768
Metro Atlantic Athletic Conference,#004FA3
Metro State Roadrunners,#00447C
Miami,#005030
Miami University,#B61E2E
Michigan State,#173F35
Michigan Tech Huskies,#000000
Michigan,#00274C
Mid-America Intercollegiate Athletics Associationaka The MIAA,#003E7E
Mid-American Conference,#0C2950
MidAmerica Nazarene Pioneers,#071D49
Middle Tennessee State Blue Raidersaka Middle Tennessee Blue Raiders,#0066CC
Middlebury Panthers,#003882
Midwestern State Mustangs,#862633
Miles Golden Bears,#580D69
Millersville Marauders,#000000
Millsaps Majors,#330066
Milwaukee Panthers,#222222
Minnesota,#862334
Minnesota Intercollegiate Athletic Conferenceaka MIAC,#006241
Minnesota Morris Cougars,#8C1919
Minnesota State Mavericksaka MSU-Mankato Mavericksaka Minnesota State–Mankato Mavericksaka Mankato State Mavericks,#480059
Minnesota State–Moorhead Dragons,#A6192E
Minnesota–Crookston Golden Eaglesaka Minnesota Crookston Golden Eaglesaka Minnesota-Crookston Golden Eagles,#7A0019
Minnesota–Duluth Bulldogsaka Minnesota Duluth Bulldogs,#7A0019
Minot State Beavers,#006341
Mississippi College Choctaws,#003057
Mississippi State,#5D1725
Mississippi Valley State Delta Devilsaka Mississippi Valley State Devilettes,#046A38
Missouri S&T Miners,#154734
Missouri Southern Lions,#00693E
Missouri State Bearsaka Missouri State Lady Bears,#5E0009
Missouri Tigers,#000000
Missouri Valley Conferenceaka Missouri Valley Football Conference,#DF3742
Missouri Western Griffons,#000000
Monmouth Hawks,#041E42
Montana,#660033
Montana State Billings Yellowjackets,#002F5F
Montana State Bobcats,#00205B
Montana Tech Orediggers,#315338
Montevallo Falcons,#49176D
Morehead State Eagles,#005EB8
Morehouse Maroon Tigers,#891E31
Morgan State Bearsaka Morgan State Lady Bears,#002D74
Morrisville State Mustangsaka Morrisville Mustangsaka SUNY Morrisville Mustangs,#004730
Mount Mercy Mustangs,#003768
Mount St. Mary's Mountaineers,#002F6C
Mount Union Purple Raiders,#661C78
Mountain West Conference,#4F2D7F
Murray State Racersaka Murray State Thoroughbreds,#002144
Music City Bowl,#131C43
NAIAaka National Association of Intercollegiate Athletics,#004990
NC State,#CC0000
NCAA Division Iaka NCAA Division IIIaka National Collegiate Athletic Association,#009CDE
NCAA Division II,#009CDE
NJIT Highlanders,#CC0000
NU Bulldogs,#373C96
NYIT Bears,#242C39
NYU Violetsaka New York University Violets,#57068C
National Collegiate Hockey Conferenceaka NCHC,#b5121b
Navy Midshipmen,#00225B
Nazareth Golden Flyers,#4b375e
Nebraska Cornhuskers,#E41C38
Nebraska–Kearney Lopers,#002F6C
Neumann Knights,#003466
Nevada Wolf Packaka Nevada Sagebrushers,#003366
New England College Pilgrimsaka New England Pilgrims,#000F30
New England Nor'eastersaka New England Noreastersaka U of New England Nor'eastersaka University of New England Nor'eastersaka U of New England Noreastersaka University of New England Noreasters,#003882
New Hampshire Wildcats,#041E42
New Haven Chargers,#004B8D
New Mexico Highlands Cowboysaka New Mexico Highlands Cowgirls,#502D7F
New Mexico Lobos,#BA0C2F
New Mexico State,#891216
New Orleans Privateersaka UNO Privateers,#005CA6
Newman Jets,#051C48
Niagara,#582C83
Nicholls State Colonelsaka Nicholls Colonels,#C41230
Nichols Bison,#000000
Norfolk State Spartans,#007A53
North Alabama Lions,#46166B
North Carolina A&T Aggies,#004684
North Carolina Central Eagles,#862633
UNC,#7BAFD4
North Dakota Fighting Hawksaka North Dakota Fighting Siouxaka North Dakota,#009A44
North Dakota State Bison,#005643
North Florida Ospreys,#00246B
North Georgia Nighthawks,#002F87
North Greenville Crusaders,#000000
North Texas Mean Greenaka North Texas Eagles,#00853E
Northeast Conference,#0D67A4
Northeastern University,#D41B2C
Northeastern State RiverHawks,#276444
Northern Arizona Lumberjacks,#003466
Northern Colorado Bearsaka Colorado State College Bearsaka Colorado State Bears,#013C65
Northern Illinois Huskiesaka NIU Huskies,#BA0C2F
Northern Iowa Panthers,#4B116F
Northern Kentucky Norse,#000000
Northern Michigan Wildcats,#095339
Northern State Wolves,#990033
Northland Lumberjacksaka Northland Lumberjills,#DC4405
Northwest Missouri State Bearcats,#006A4E
Northwest Nazarene Nighthawksaka Northwest Nazarene Crusaders,#B51946
Northwestern Oklahoma State Rangers,#000000
Northwestern State Demonsaka Northwestern State Lady Demons,#492F92
Northwestern Wildcats,#4E2A84
Northwood Timberwolves,#093161
Norwich Cadets,#87212e
Notre Dame,#0C2340
Notre Dame de Namur Argonauts,#003263
Nova Southeastern Sharks,#003893
Oakland Golden Grizzlies,#000000
Oberlin Yeomen,#CF102D
Occidental Tigers,#000000
Oglethorpe Stormy Petrels,#000000
Ohio,#00694E
Ohio Dominican,#000000
Ohio State,#CE0F3E
Ohio Valley Conference,#A51341
Oklahoma Baptist Bison,#255F2B
Oklahoma Christian Eagles,#660000
Oklahoma City Stars,#004B87
Oklahoma Panhandle State Aggies,#001F5B
Oklahoma,#841617
Oklahoma State,#FE5C00
Oklahoma Wesleyan Eagles,#071D49
Old Dominion,#003767
Ole Miss Rebelsaka Mississippi Rebelsaka Mississippi Flood,#14213D
Omaha Mavericksaka UNO Mavericksaka Nebraska–Omaha Mavericks,#000000
Oral Roberts Golden Eagles,#002F60
Orange Bowl,#F47B2A
Oregon,#036936
Oregon State,#D73F09
Ottawa Braves,#000000
Ottawa Gee-Gees,#651D32
Ouachita Baptist Tigers,#552988
Pac-12 Conferenceaka Pacific-12 Conference,#004B91
Pace Setters,#00337F
Pacific Tigers,#000000
Pacific West Conference,#4196B4
Paine Lions,#59178A
Patriot League,#15366F
Peach Bowl,#00549E
Penn Quakersaka Pennsylvania Quakers,#011F5B
Penn State Nittany Lionsaka Penn State Lady Lions,#001E44
Pennsylvania State Athletic Conference,#003DA5
Pepperdine Waves,#00205C
Peru State Bobcats,#0D4D92
Pittsburg State Gorillas,#CC0C2F
Pitt,#003594
Pittsburgh–Johnstown Mountain Catsaka Pitt-Johnstown Mountain Cats,#1C2957
Plymouth State Panthers,#135841
Point Loma Nazarene Sea Lions,#0E553F
Point Skyhawks,#00407A
Pomona College,#20438F
Pomona-Pitzer Sagehens,#20438F
Portland Pilots,#330072
Portland State Vikings,#154734
Post Eagles,#5E2750
Prairie View Panthersaka Prairie View A&M Panthers,#4F2582
Presbyterian Blue Hose,#0060A9
Princeton,#000000
Providence,#000000
Purdue,#000000
Purdue Fort Wayne Mastodons,#000000
Purdue–Northwest Prideaka Purdue-Northwest Pride,#000000
Queens Knightsaka Queens College Knights,#00263E
Quincy Hawks,#581E00
Quinnipiac Bobcatsaka Quinnipiac Braves,#0A2240
RIT Tigers,#F76902
RPI Engineersaka Rensselaer Engineers,#E2231B
Radford Highlanders,#C2011B
Ramapo Roadrunners,#87212e
Randolph–Macon Yellow Jacketsaka Randolph-Macon Yellow Jackets,#000000
Regina Rams,#004F2E
Regis Rangers,#002B49
Rhode Island Ramsaka University of Rhode Island Rams,#74B4E6
Rice University,#00205B
Richmond Spiders,#002B5E
Rider Broncs,#981E32
Riverside City Tigers,#000000
Rivier Raiders,#004C97
Robert Morris Colonialsaka RMU Colonials,#14234B
Rochester Yellowjackets,#003B71
Rockhurst Hawks,#0046AD
Rocky Mountain Athletic Conference,#022E64
Roger Williams Hawks,#003d6e
Rogers State Hillcats,#002244
Rollins Tars,#0071BA
Rose Bowl Game,#E2231A
Rowan Profs,#3F1A0A
Rutgers Scarlet Knights,#CC0033
Ryerson Rams,#002D72
SIU Edwardsville Cougars,#CC0000
SMU Mustangsaka Southern Methodist University Mustangs,#CC0035
SUNY Alfred Pioneersaka Alfred State Pioneersaka Alfred Pioneers,#003C71
SUNY Brockport Golden Eaglesaka Brockport Golden Eaglesaka Brockport State Golden Eagles,#00533e
SUNY Canton Roosaka Canton State Kangaroosaka Canton Kangaroosaka Canton Roosaka SUNY Canton Kangaroosaka Canton State Roos,#004B8D
SUNY Cobleskill Tigersaka Cobleskill Tigersaka Cobleskill State Tigers,#FE5000
SUNY Delhi Broncosaka Delhi Broncosaka Delhi State Broncos,#2C5234
SUNY Fredonia Blue Devilsaka Fredonia Blue Devilsaka Fredonia State Blue Devils,#0033A0
SUNY Geneseo Knightsaka Geneseo Knightsaka Geneseo State Knights,#003896
SUNY New Paltz Hawksaka New Paltz State Hawksaka New Paltz Hawks,#00205b
SUNY Oneonta Red Dragonsaka Oneonta Red Dragonsaka Oneonta Red State Dragons,#cb2c30
SUNY Oswego Lakersaka Oswego State Lakersaka Oswego Lakers,#235937
SUNY Plattsburgh Cardinalsaka Plattsburgh State Cardinalsaka Plattsburgh Cardinals,#C8102E
SUNY Potsdam Bearsaka Potsdam Bearsaka Potsdam State Bears,#8A1538
Sacramento State Hornets,#043927
Sacred Heart Pioneers,#CD1041
Saginaw Valley State Cardinals,#AC162A
Saint Anselm Hawks,#143E5F
Saint Benedict Blazersaka Saint Benedict Bennies,#be0f34
Saint Francis University,#BD1F25
Saint John's,#be0f34
Saint Joseph's,#9E1B32
Saint Joseph's Pumas,#41136C
Saint Leo Lions,#205C40
Saint Louis Billikens,#003DA5
Saint Martin's Saints,#BF0C26
Saint Mary Spires,#0D223F
Saint Mary's Cardinals,#C8102E
Saint Mary's,#06315B
Saint Michael's Purple Knights,#5E2278
Saint Peter's Peacocksaka Saint Peter's Peahens,#2C2A29
Saint Rose Golden Knights,#000000
Salem State Vikings,#1A3B8C
Salve Regina Seahawks,#0069aa
Sam Houston State Bearkats,#F56423
Samford Bulldogsaka Howard Bulldogs,#0C2340
San Diego State,#C41230
San Diego Toreros,#003B70
San Francisco,#00543C
San Francisco State Gators,#52247F
San Jose State Spartansaka San José State Spartans,#1E5AAF
Santa Clara,#862633
Saskatchewan Huskies,#00693E
Savannah State Tigersaka Savannah State Lady Tigers,#002294
Scranton Royals,#4a245e
Scripps College,#34715B
Seattle Pacific Falcons,#7B1416
Seattle University,#AA0000
Seton Hall,#004488
Seton Hill Griffins,#BF0033
Sewanee Tigers,#582C83
Shippensburg Red Raiders,#002395
Shorter Hawks,#0068B3
Siena Saintsaka Siena Indians,#006747
Simon Fraser Clan,#CC0633
Sioux Falls Cougars,#492F91
Skidmore Thoroughbreds,#006A52
Slippery Rock The Rockaka Slippery Rock,#006951
Sonoma State Seawolves,#003366
South Alabama Jaguars,#00205B
South Carolina,#73000A
South Carolina State Bulldogs,#841A2B
South Carolina–Beaufort Sand Sharks,#061844
South Dakota Coyotes,#AD0000
South Dakota Mines Hardrockers,#071D49
South Dakota State Jackrabbits,#0032A0
South Florida Bulls,#006747
Southeast Missouri State Redhawks,#C8102E
Southeastern Conference,#004B8D
Southeastern Fire,#000000
Southeastern Louisiana Lionsaka Southeastern Louisiana Lady Lions,#006341
Southeastern Oklahoma State Savage Storm,#0033A0
Southern Arkansas Muleriders,#003DA5
Southern Conference,#001489
Southern Connecticut Owlsaka Southern Connecticut Fighting Owls,#001489
Southern Illinois Salukis,#660000
Southern Indiana Screaming Eagles,#002856
Southern University and A&M College,#05356E
Southern Maine Huskiesaka USM Huskies,#1E3B78
Southern Miss Golden Eaglesaka Southern Miss Lady Eagles,#000000
Southern Nazarene Crimson Storm,#891717
Southern New Hampshire Penmen,#1A326C
Southern Oregon Raiders,#C8102E
Southern Utah Thunderbirds,#C41425
Southland Conference,#00264B
Southwest Baptist Bearcats,#4A217E
Southwest Minnesota State Mustangs,#3A1807
Southwestern Moundbuilders,#8031A7
Southwestern Oklahoma State Bulldogs,#1B365D
Southwestern Pirates,#000000
Spring Hill Badgers,#49176D
Springfield Prideaka Springfield Maroonsaka Springfield Gymnastsaka Springfield Chiefs,#862633
St. Bonaventure Bonniesaka St. Bonaventure Brown Squawsaka St. Bonaventure Brown Indians,#54261A
St. Catherine Wildcats,#491A6A
St. Cloud State Huskies,#A10209
St. Edward's Hilltoppers,#002566
St. Francis Brooklyn Terriers,#0038A8
St. John's,#C3002F
St. Lawrence Saints,#AF1E2D
St. Mary's Rattlers,#004C97
St. Norbert Green Knightsaka Saint Norbert Green Knights,#1A472B
St. Olaf Olesaka Saint Olaf Oles,#000000
St. Scholastica Saintsaka College of St. Scholastica Saintsaka Saint Scholastica Saints,#0033a0
St. Thomas (Minnesota) Tommiesaka St. Thomas Minnesota Tommiesaka Saint Thomas Minnesota Tommiesaka Saint Thomas (Minnesota) Tommies,#522874
Stanford,#8C1515
Stanislaus State Warriors,#E31B23
Stephen F. Austin Lumberjacksaka Stephen F. Austin Ladyjacks,#5F259F
Sterling Warriors,#9B2743
Stetson Hatters,#006747
Stevenson Mustangs,#004E42
Stillman Tigers,#16304B
Stonehill Skyhawks,#2F2975
Stony Brook Seawolvesaka Stony Brook Soundmenaka Stony Brook Warriorsaka Stony Brook Baymenaka Stony Brook Patriots,#990000
Suffolk Rams,#142f53
Sugar Bowl,#014B94
Summit League,#00549E
Sun Belt Conference,#0C2340
Sunshine State Conference,#0032A0
Swarthmore Garnet,#9D2235
Syracuse,#D44500
TCU Horned Frogs,#4D1979
Tabor Bluejays,#002D72
Tampa Spartans,#000000
Tarleton State Texansaka Tarleton State TexAnns,#4F2D7F
Temple,#990033
Tennessee State,#00539F
Tennessee Tech Golden Eagles,#4F2984
Tennessee,#FF8200
Texas A&M,#500000
Texas A&M International Dustdevils,#61162D
Texas A&M–Commerce Lionsaka Texas A&M-Commerce Lions,#0A2846
Texas A&M–Corpus Christi Islandersaka Texas A&M-Corpus Christi Islanders,#0067C5
Texas-El Paso,#041E42
Texas,#BF5700
Texas Southern,#6F263D
Texas State Bobcatsaka Southwest Texas State Bobcats,#501214
Texas Tech Red Raidersaka Texas Tech Lady Raiders,#CC0000
Texas Woman's Pioneers,#850928
Texas–Arlington Mavericksaka UT Arlington Mavericksaka Texas-Arlington Mavericks,#0064B1
Texas–Pan American Broncsaka Texas-Pan American Broncsaka UTPA Broncs,#006600
Texas–Permian Basin Falcons,#E35205
Tiffin Dragons,#00623B
Toledo,#003E7E
Toronto Varsity Blues,#00204e
Towson Tigers,#000000
Transylvania Pioneersaka Kentucky University Pioneers,#B20D35
Trine Thunder,#00305c
Trinity Bantams,#00305C
Trinity Valley CC,#FF0000
Troy Trojans,#6D0017
Truman Bulldogs,#510C76
Tufts Jumbos,#3E8EDE
Tulane Green Waveaka Tulane Olive and Blue,#005837
Tulsa,#002D72
Tuskegee Golden Tigers,#7B0707
UAB Blazers,#1E6B52
UBC Thunderbirds,#002145
UC Davis Aggies,#002855
UC Irvine Anteaters,#0C2340
UC Merced Golden Bobcats,#072B31
UC Riverside Highlanders,#003DA5
UC San Diego Tritonsaka UCSD Tritons,#182B49
UC Santa Barbara Gauchosaka UCSB Gauchos,#004D9F
UC Santa Cruz Banana Slugs,#0F1640
UCF Knights,#000000
UCLA,#2D68C4
UE Red Warriorsaka UE Junior Warriors,#ED2939
UHV Jaguars,#E81C18
UIC Flames,#091F40
UIS Prairie Stars,#0C2340
UMBC Retrievers,#000000
UMSL Tritons,#B5121B
UMass Boston Beaconsaka Massachusetts–Boston Beaconsaka Massachusetts-Boston Beaconsaka Massachusetts Boston Beacons,#005A8B
UMass Dartmouth Corsairsaka Massachusetts Dartmouth Corsairsaka Massachusetts–Dartmouth Corsairsaka Massachusetts-Dartmouth Corsairs,#003764
UMass Lowell River Hawks,#00549F
UMass Minutemenaka Massachusetts Minutewomenaka Massachusetts Redmenaka Massachusetts State Aggiesaka UMass Redmenaka Massachusetts Minutemenaka UMass Minutewomen,#881C1C
UNC Asheville Bulldogs,#003DA5
UNC Greensboro Spartans,#0F2044
UNC Pembroke Braves,#000000
UNC Wilmington Seahawks,#006666
UNLV,#CF0A2C
UP Fighting Maroonsaka UP Parrots,#7B1113
USC Aiken Pacers,#75263B
USC,#9D2235
USC Upstate Spartans,#046A38
UST Growling Tigersaka UST Glowing Goldies,#FCBF15
UT Martin Skyhawksaka Tennessee–Martin Skyhawksaka Tennessee-Martin Skyhawks,#002649
UTEP Minersaka Texas Western Miners,#041E42
University of Texas Rio Grande Valley,#F05023
UTSA Roadrunners,#002244
Union Bulldogs,#AA0C31
Union Dutchmenaka Union Dutchwomen,#822433
Upper Iowa Peacocks,#0D1030
Utah State Aggies,#00263A
Utah,#CC0000
Utah Valley Wolverines,#275D38
Utica Pioneers,#0c223f
VCU Rams,#000000
VMI Keydets,#AE122A
Valdosta State Blazers,#CC0000
Valparaiso Beaconsaka Valparaiso Crusaders,#381E0E
Vanderbilt,#000000
Vermont Catamounts,#005710
Villanova,#00205B
Virginia Cavaliers,#232D4B
Virginia Tech,#861F41
Virginia Union University,#991F36
Wagner Seahawks,#004331
Wake Forest,#2C2A29
Walsh Cavaliers,#6D0020
Washburn Ichabods,#003A70
Washington & Jefferson Presidentsaka Washington and Jefferson Presidents,#000000
Washington,#4B2E83
Washington State,#981E32
Washington University Bearsaka WUSTL Bears,#A51417
Washington and Lee Generalsaka Washington & Lee Generals,#003399
Wayne State Warriors,#115E56
Wayne State Wildcats,#000000
Weber State,#4B2682
Wentworth Institute of Technology Leopardsaka Wentworth Leopardsaka WIT Leopards,#cf142b
Wesleyan Cardinals,#d72121
West Alabama Tigers,#A6192E
West Chester Golden Rams,#540E69
West Coast Conference,#24CAD2
West Florida Argonauts,#0072CE
West Georgia Wolves,#0033A1
West Liberty Hilltoppers,#000000
West Texas A&M Buffaloes,#581818
West Virginia,#002855
West Virginia State Yellow Jackets,#000000
Western Athletic Conference,#98002E
Western Carolina Catamounts,#592C88
Western Colorado Mountaineersaka Western State Colorado Mountaineers,#A71930
Western Illinois Leathernecks,#663399
Western Kentucky Hilltoppersaka Western Kentucky Lady Toppersaka WKU Hilltoppersaka WKU Lady Toppers,#B01E24
Western Michigan Broncos,#6C4023
Western Mustangsaka Western Ontario Mustangs,#512888
Western New England Golden Bears,#003082
Western New Mexico Mustangs,#42196F
Western Oregon Wolves,#E31837
Western Washington Vikings,#0E2B58
Westfield State Owls,#00247d
Westminster Griffins,#380E56
Wichita State,#27251F
Widener Prideaka Widener Pioneers,#0057B8
Wilkes Colonels,#002855
Willamette Bearcats,#98002E
William & Mary Tribeaka William and Mary Tribeaka William and Mary Indiansaka William & Mary Indians,#115740
William Carey Crusaders,#D01144
William Jewell Cardinals,#CC0033
William Smith Herons,#00593D
Williams Ephs,#512698
Wilmington Quakers,#024E43
Windsor Lancers,#005596
Winona State Warriors,#4B08A1
Winston-Salem State Rams,#C8102E
Winthrop Eagles,#660000
Wisconsin,#C4012F
Wisconsin–Eau Claire Blugoldsaka Wisconsin-Eau Claire Blugoldsaka University of Wisconsin-Eau Claire Blugoldsaka University of Wisconsin–Eau Claire Blugoldsaka UW-Eau Claire Blugoldsaka UW–Eau Claire Blugolds,#2b3e85
Wisconsin–La Crosse Eaglesaka University of Wisconsin–La Crosse Eaglesaka University of Wisconsin-La Crosse Eaglesaka UW-La Crosse Eaglesaka Wisconsin-La Crosse Eaglesaka UW–La Crosse Eagles,#830019
Wisconsin–Oshkosh Titansaka Wisconsin-Oshkosh Titansaka University of Wisconsin-Oshkosh Titansaka University of Wisconsin–Oshkosh Titansaka UW–Oshkosh Titansaka UW-Oshkosh Titans,#000000
Wisconsin–Parkside Rangersaka Parkside Rangersaka Wisconsin-Parkside Rangers,#004631
Wisconsin–Platteville Pioneersaka University of Wisconsin–Platteville Pioneersaka University of Wisconsin-Platteville Pioneersaka UW-Platteville Pioneersaka Wisconsin-Platteville Pioneersaka UW–Platteville Pioneers,#ff5800
Wisconsin–River Falls Falconsaka UW-River Falls Falconsaka Wisconsin-River Falls Falconsaka University of Wisconsin-River Falls Falconsaka UW–River Falls Falconsaka University of Wisconsin–River Falls Falcons,#C80F2E
University of Wisconsin-Stevens Point,#59178a
Wisconsin–Stout Blue Devilsaka UW-Stout Blue Devilsaka Wisconsin-Stout Blue Devilsaka University of Wisconsin–Stout Blue Devilsaka University of Wisconsin-Stout Blue Devilsaka UW–Stout Blue Devils,#012169
Wisconsin–Superior Yellowjacketsaka UW-Superior Yellowjacketsaka Wisconsin-Superior Yellowjacketsaka University of Wisconsin-Superior Yellowjacketsaka University of Wisconsin–Superior Yellowjacketsaka UW–Superior Yellowjackets,#000000
Wisconsin–Whitewater Warhawksaka Wisconsin-Whitewater Warhawks,#502D7F
Wofford Terriers,#000000
Worcester State Lancers,#003896
Wright State Raiders,#026937
Wyoming,#492F24
Xavier,#0C2340
Yale Bulldogs,#00356B
York Panthers,#005EB8
Young Harris Mountain Lions,#260053
Youngstown State Penguins,#C8102E
